template_slot,trade,source_snapshot_date,source_record_id,city_source_url,city_stage,evidence_excerpt,firstdig_classification,reviewer_1_label,reviewer_2_label,adjudicated_label,unique_next_check,contractor_useful_yes_no,reason,limitations
1,demolition_excavation,,,,,,,,,,,,,
2,demolition_excavation,,,,,,,,,,,,,
3,demolition_excavation,,,,,,,,,,,,,
4,demolition_excavation,,,,,,,,,,,,,
5,demolition_excavation,,,,,,,,,,,,,
6,demolition_excavation,,,,,,,,,,,,,
7,demolition_excavation,,,,,,,,,,,,,
8,demolition_excavation,,,,,,,,,,,,,
9,demolition_excavation,,,,,,,,,,,,,
10,demolition_excavation,,,,,,,,,,,,,
11,demolition_excavation,,,,,,,,,,,,,
12,demolition_excavation,,,,,,,,,,,,,
13,demolition_excavation,,,,,,,,,,,,,
14,demolition_excavation,,,,,,,,,,,,,
15,demolition_excavation,,,,,,,,,,,,,
16,demolition_excavation,,,,,,,,,,,,,
17,demolition_excavation,,,,,,,,,,,,,
18,demolition_excavation,,,,,,,,,,,,,
19,demolition_excavation,,,,,,,,,,,,,
20,demolition_excavation,,,,,,,,,,,,,
1,underpinning_basement,,,,,,,,,,,,,
2,underpinning_basement,,,,,,,,,,,,,
3,underpinning_basement,,,,,,,,,,,,,
4,underpinning_basement,,,,,,,,,,,,,
5,underpinning_basement,,,,,,,,,,,,,
6,underpinning_basement,,,,,,,,,,,,,
7,underpinning_basement,,,,,,,,,,,,,
8,underpinning_basement,,,,,,,,,,,,,
9,underpinning_basement,,,,,,,,,,,,,
10,underpinning_basement,,,,,,,,,,,,,
11,underpinning_basement,,,,,,,,,,,,,
12,underpinning_basement,,,,,,,,,,,,,
13,underpinning_basement,,,,,,,,,,,,,
14,underpinning_basement,,,,,,,,,,,,,
15,underpinning_basement,,,,,,,,,,,,,
16,underpinning_basement,,,,,,,,,,,,,
17,underpinning_basement,,,,,,,,,,,,,
18,underpinning_basement,,,,,,,,,,,,,
19,underpinning_basement,,,,,,,,,,,,,
20,underpinning_basement,,,,,,,,,,,,,
1,pool_landscape,,,,,,,,,,,,,
2,pool_landscape,,,,,,,,,,,,,
3,pool_landscape,,,,,,,,,,,,,
4,pool_landscape,,,,,,,,,,,,,
5,pool_landscape,,,,,,,,,,,,,
6,pool_landscape,,,,,,,,,,,,,
7,pool_landscape,,,,,,,,,,,,,
8,pool_landscape,,,,,,,,,,,,,
9,pool_landscape,,,,,,,,,,,,,
10,pool_landscape,,,,,,,,,,,,,
11,pool_landscape,,,,,,,,,,,,,
12,pool_landscape,,,,,,,,,,,,,
13,pool_landscape,,,,,,,,,,,,,
14,pool_landscape,,,,,,,,,,,,,
15,pool_landscape,,,,,,,,,,,,,
16,pool_landscape,,,,,,,,,,,,,
17,pool_landscape,,,,,,,,,,,,,
18,pool_landscape,,,,,,,,,,,,,
19,pool_landscape,,,,,,,,,,,,,
20,pool_landscape,,,,,,,,,,,,,
